{
  "project_info": {
    "project_number": "677253479340",
    "firebase_url": "https://agendaapp-f1d0f.firebaseio.com",
    "project_id": "agendaapp-f1d0f",
    "storage_bucket": "agendaapp-f1d0f.appspot.com"
  },
  "client": [
    {
      "client_info": {
        "mobilesdk_app_id": "1:677253479340:android:61e8617ba2e8c4a7dc1809",
        "android_client_info": {
          "package_name": "natalia.pratica07"
        }
      },
      "oauth_client": [
        {
          "client_id": "677253479340-5l0pj8u4mvg7cfavteot3q0cs6cvb0cc.apps.googleusercontent.com",
          "client_type": 1,
          "android_info": {
            "package_name": "natalia.pratica07",
            "certificate_hash": "538856435178ee5a95aef04f89e4ffd9e9c022f9"
          }
        },
        {
          "client_id": "677253479340-f8njr9vrhkjoro10c0b3k3c5ndfl10bi.apps.googleusercontent.com",
          "client_type": 3
        }
      ],
      "api_key": [
        {
          "current_key": "AIzaSyAUZW90ISLyvRsjWGagyMTPGxKt08tHYvA"
        }
      ],
      "services": {
        "appinvite_service": {
          "other_platform_oauth_client": [
            {
              "client_id": "677253479340-f8njr9vrhkjoro10c0b3k3c5ndfl10bi.apps.googleusercontent.com",
              "client_type": 3
            }
          ]
        }
      }
    }
  ],
  "configuration_version": "1"
}